{
  "produtos": [
    {
      "id": 1,
      "nome": "Melado",
      "preco": 8.5
    },
    {
      "id": 2,
      "nome": "X-Búrguer",
      "preco": 10.5
    },
    {
      "id": 3,
      "nome": "Feijoada",
      "preco": 12.5
    },
    {
      "id": 4,
      "nome": "X-Tudo",
      "preco": 14.5
    },
    {
      "id": 5,
      "nome": "Coca cola 350ml",
      "preco": 5.5
    },
    {
      "id": 6,
      "nome": "Coca cola 600ml",
      "preco": 7.5
    }
  ],
  "clientes": [
    {
      "id": 1,
      "nome": "Rafael",
      "cpf": 66123245031
    },
    {
      "id": 2,
      "nome": "Aryanne",
      "cpf": 88776018091
    },
    {
      "id": 3,
      "nome": "Cida",
      "cpf": 91246591006
    },
    {
      "id": 4,
      "nome": "Ari",
      "cpf": 02555398007
    },
    {
      "id": 4,
      "nome": "Bianca",
      "cpf": 93230742095
    }
  ],
  "orcamento": [
    {
      "id": 1,
      "cliente": "Rafael",
      "produto": "X-Tudo",
      "valorTotal": 14.5,
      "data": "10/03/2020"
    },
    {
      "id": 2,
      "cliente": "Aryanne",
      "produto": "X-Tudo",
      "valorTotal": 14.5,
      "data": "10/03/2020"
    },
    {
      "id": 1,
      "cliente": "Bianca",
      "produto": "Melado",
      "valorTotal": 8.5,
      "data": "10/03/2020"
    },
    {
      "id": 1,
      "cliente": "Bianca",
      "produto": "Feijoada",
      "valorTotal": 12.5,
      "data": "10/03/2020"
    },
    {
      "id": 1,
      "cliente": "Rafael",
      "produto": "X-Tudo",
      "valorTotal": 14.5,
      "data": "10/03/2020"
    }
  ]
}
